<project name="[ini4j]">
    <bannerLeft>
        <name>[ini4j]</name>
        <src>ini4j.png</src>
        <href>http://www.ini4j.org</href>
    </bannerLeft>
    <bannerRight>
        <name>SourceForge</name>
        <src>http://sourceforge.net/sflogo.php?group_id=129580&amp;type=1</src>
        <href>http://sourceforge.net</href>
    </bannerRight>       
    <publishDate position="left" format="yyyy-MM-dd"/>
    <version position="left"/>
    <body>
        <head>
            <meta name="keywords" content="windows ini,java library,ini,configuration"></meta>
            <meta name="author" content="szkiba"></meta>
            <meta name="description" content="Java API for handling configuration files in Windows .ini format. Additionally, the library includes Java Preferences API implementation based on the .ini file."></meta>
        </head>
        
        <menu name="[ini4j]">
            <item name="Overview" href="index.html"/>
            <item name="Tutorial" href="tutorial.html"/>
            <item name="Samples" href="samples.html" />
            <item name="Download" href="http://sourceforge.net/project/showfiles.php?group_id=129580"/>
            <item name="Change log" href="changelog.html" />
            <item name="Release notes" href="releasenotes.html" />
            <item name="Goals" href="design.html"/>
            <item name="TODO" href="todo.html"/>
            <item name="Project" href="http://sourceforge.net/projects/ini4j"/>
            <item name="Links" href="links.html" />
        </menu>    
        <menu ref="reports" />
    </body>
</project>
